{
  "Workflows": [
    {
      "Path": null,
      "SortBy": 0,
      "VariablesSectionElementsOrder": [],
      "ArgumentsSectionElementsOrder": null,
      "ConstantsSectionElementsOrder": [],
      "AddedNamespaces": null
    },
    {
      "Path": "pdf automation.xaml",
      "SortBy": 0,
      "VariablesSectionElementsOrder": [
        "b1&Sequence_2"
      ],
      "ArgumentsSectionElementsOrder": [],
      "ConstantsSectionElementsOrder": [],
      "AddedNamespaces": null
    },
    {
      "Path": "unattended bot.xaml",
      "SortBy": 0,
      "VariablesSectionElementsOrder": [
        "val1&Sequence_2"
      ],
      "ArgumentsSectionElementsOrder": [],
      "ConstantsSectionElementsOrder": [],
      "AddedNamespaces": null
    },
    {
      "Path": "uipath recorder.xaml",
      "SortBy": 0,
      "VariablesSectionElementsOrder": [
        "hr&Sequence_3",
        "id&Sequence_3",
        "de&Sequence_3"
      ],
      "ArgumentsSectionElementsOrder": [],
      "ConstantsSectionElementsOrder": [],
      "AddedNamespaces": null
    },
    {
      "Path": "switch_ex3.xaml",
      "SortBy": 0,
      "VariablesSectionElementsOrder": [
        "me1&Sequence_2"
      ],
      "ArgumentsSectionElementsOrder": [],
      "ConstantsSectionElementsOrder": [],
      "AddedNamespaces": null
    },
    {
      "Path": "Log actvity.xaml",
      "SortBy": 0,
      "VariablesSectionElementsOrder": [
        "n1&Sequence_2",
        "n2&Sequence_2",
        "total&Sequence_2",
        "n3&Sequence_2",
        "n4&Sequence_2",
        "me1&Sequence_2"
      ],
      "ArgumentsSectionElementsOrder": [],
      "ConstantsSectionElementsOrder": [],
      "AddedNamespaces": null
    },
    {
      "Path": "Main.xaml",
      "SortBy": 0,
      "VariablesSectionElementsOrder": null,
      "ArgumentsSectionElementsOrder": [],
      "ConstantsSectionElementsOrder": [],
      "AddedNamespaces": null
    }
  ]
}